<?xml version="1.0" encoding="UTF-8"?>
<project-private xmlns="http://www.netbeans.org/ns/project-private/1">
    <editor-bookmarks xmlns="http://www.netbeans.org/ns/editor-bookmarks/2" lastBookmarkId="0"/>
    <open-files xmlns="http://www.netbeans.org/ns/projectui-open-files/2">
        <group>
            <file>file:/C:/Users/S_All/Desktop/complete-master/DoctorAppointment/src/java/com/pro/dao/DaoImpl.java</file>
            <file>file:/C:/Users/S_All/Desktop/complete-master/DoctorAppointment/src/java/com/pro/dao/RestoreDB.java</file>
            <file>file:/C:/Users/S_All/Desktop/complete-master/DoctorAppointment/src/java/com/pro/controller/Login.java</file>
            <file>file:/C:/Users/S_All/Desktop/complete-master/DoctorAppointment/src/java/com/pro/controller/CreateUser.java</file>
            <file>file:/C:/Users/S_All/Desktop/complete-master/DoctorAppointment/src/java/com/pro/dao/UserDAO.java</file>
        </group>
    </open-files>
</project-private>
